Date,Close,Open,High,Low,Volume,Symbol,Label
2020-01-02,966.67,960.26,966.67,959.67,200600.0,VNINDEX,0
2020-01-03,965.14,968.72,970.88,965.14,174130.0,VNINDEX,0
2020-01-06,955.79,962.79,963.2,955.59,187200.0,VNINDEX,0
2020-01-07,958.88,955.79,959.46,953.19,181630.0,VNINDEX,0
2020-01-08,948.98,954.13,955.84,945.28,319170.0,VNINDEX,0
2020-01-09,960.15,953.86,960.73,952.16,166150.0,VNINDEX,0
2020-01-10,968.54,961.17,969.71,961.17,222160.0,VNINDEX,0
2020-01-13,965.84,966.89,968.63,964.79,147150.0,VNINDEX,0
2020-01-14,967.0,966.26,968.85,965.76,190350.0,VNINDEX,0
2020-01-15,967.56,967.69,967.69,964.84,150040.0,VNINDEX,0
2020-01-16,974.31,967.2,974.7,967.17,201250.0,VNINDEX,0
2020-01-17,978.96,976.28,980.02,973.79,164140.0,VNINDEX,0
2020-01-20,978.63,978.23,979.85,975.93,148800.0,VNINDEX,0
2020-01-21,986.37,978.82,986.37,978.82,157670.0,VNINDEX,0
2020-01-22,991.46,986.52,991.46,983.92,152350.0,VNINDEX,0
2020-01-30,959.58,975.15,977.72,954.0,198510.0,VNINDEX,0
2020-01-31,936.62,959.58,960.96,936.62,253950.0,VNINDEX,0
2020-02-03,928.14,916.6,930.37,891.85,275520.0,VNINDEX,0
2020-02-04,929.09,929.42,934.91,919.33,197690.0,VNINDEX,0
2020-02-05,925.91,934.75,936.33,921.89,197380.0,VNINDEX,0
2020-02-06,938.54,926.66,938.54,925.21,223670.0,VNINDEX,0
2020-02-07,940.75,938.61,943.48,935.94,194170.0,VNINDEX,0
2020-02-10,930.73,934.38,935.87,926.61,153970.0,VNINDEX,0
2020-02-11,934.67,930.73,936.04,930.73,179350.0,VNINDEX,0
2020-02-12,937.68,940.72,943.11,937.34,228040.0,VNINDEX,0
2020-02-13,938.24,937.19,939.1,934.47,177730.0,VNINDEX,0
2020-02-14,937.45,939.28,940.65,936.47,204350.0,VNINDEX,0
2020-02-17,934.77,938.52,938.52,931.66,183250.0,VNINDEX,0
2020-02-18,927.93,934.47,934.98,926.01,187760.0,VNINDEX,0
2020-02-19,928.76,926.41,931.66,925.86,192170.0,VNINDEX,0
2020-02-20,938.13,933.69,938.13,930.41,198340.0,VNINDEX,0
2020-02-21,933.09,938.13,940.53,932.32,206750.0,VNINDEX,0
2020-02-24,903.34,917.49,917.49,903.34,291880.0,VNINDEX,0
2020-02-25,909.67,893.95,909.67,893.95,221120.0,VNINDEX,0
2020-02-26,895.97,901.51,903.27,894.25,142580.0,VNINDEX,0
2020-02-27,898.44,892.15,899.34,889.14,163290.0,VNINDEX,0
2020-02-28,882.19,885.47,887.07,872.46,241890.0,VNINDEX,0
2020-03-02,884.43,878.43,886.45,877.31,206640.0,VNINDEX,0
2020-03-03,890.61,895.39,896.39,890.06,212740.0,VNINDEX,0
2020-03-04,889.37,887.85,889.85,882.83,238450.0,VNINDEX,0
2020-03-05,893.31,892.71,898.43,891.2,231340.0,VNINDEX,0
2020-03-06,891.44,888.96,891.44,882.71,214340.0,VNINDEX,0
2020-03-09,835.49,875.8,875.8,834.67,309100.0,VNINDEX,0
2020-03-10,837.5,813.83,843.28,806.63,298020.0,VNINDEX,0
2020-03-11,811.35,843.52,844.94,794.54,318570.0,VNINDEX,0
2020-03-12,769.25,778.06,778.06,762.12,339230.0,VNINDEX,0
2020-03-13,761.78,750.56,764.69,723.42,354710.0,VNINDEX,0
2020-03-16,747.86,758.28,758.59,737.58,292250.0,VNINDEX,0
2020-03-17,745.78,724.07,750.03,721.84,287280.0,VNINDEX,0
2020-03-18,747.66,747.4,752.65,742.12,259020.0,VNINDEX,0
2020-03-19,725.94,732.35,733.43,714.02,353390.0,VNINDEX,0
2020-03-20,709.73,728.55,729.35,709.73,230590.0,VNINDEX,0
2020-03-23,666.59,694.77,694.77,664.23,280250.0,VNINDEX,0
2020-03-24,659.21,666.59,666.59,652.27,245150.0,VNINDEX,0
2020-03-25,690.25,669.76,690.25,667.58,270180.0,VNINDEX,0
2020-03-26,694.21,689.0,700.76,680.1,221850.0,VNINDEX,0
2020-03-27,696.06,692.54,703.22,682.52,327990.0,VNINDEX,0
2020-03-30,662.26,663.91,665.56,657.36,233100.0,VNINDEX,0
2020-03-31,662.53,669.74,678.64,649.1,262790.0,VNINDEX,0
2020-04-01,680.23,658.8,684.96,657.41,267020.0,VNINDEX,1
2020-04-03,701.8,687.92,701.8,687.92,233090.0,VNINDEX,2
2020-04-06,736.75,716.22,736.75,715.39,334900.0,VNINDEX,2
2020-04-07,746.69,744.97,749.13,730.28,292970.0,VNINDEX,2
2020-04-08,748.02,740.03,748.36,730.12,252290.0,VNINDEX,2
2020-04-09,760.33,751.08,765.87,751.08,298470.0,VNINDEX,2
2020-04-10,757.94,759.08,764.36,751.59,338400.0,VNINDEX,2
2020-04-13,765.79,762.99,774.62,762.53,235280.0,VNINDEX,2
2020-04-14,767.41,769.01,769.53,753.85,266780.0,VNINDEX,2
2020-04-15,777.22,768.05,779.52,768.01,302620.0,VNINDEX,2
2020-04-16,780.7,773.11,781.06,770.91,250940.0,VNINDEX,2
2020-04-17,789.6,786.96,790.95,783.74,309860.0,VNINDEX,2
2020-04-20,794.97,796.17,797.49,786.73,336050.0,VNINDEX,2
2020-04-21,766.84,794.97,794.97,761.96,397400.0,VNINDEX,2
2020-04-22,768.92,752.8,774.94,749.97,253440.0,VNINDEX,2
2020-04-23,773.91,768.92,785.6,768.92,205800.0,VNINDEX,2
2020-04-24,776.66,777.28,778.3,767.31,262270.0,VNINDEX,2
2020-04-27,770.77,780.65,785.74,770.77,307360.0,VNINDEX,2
2020-04-28,767.21,773.31,776.13,763.66,219400.0,VNINDEX,2
2020-04-29,769.11,768.59,772.62,768.19,250080.0,VNINDEX,2
2020-05-04,762.47,766.14,769.73,761.64,285570.0,VNINDEX,2
2020-05-05,764.16,763.22,767.03,760.04,212380.0,VNINDEX,2
2020-05-06,782.59,767.3,782.59,765.37,272450.0,VNINDEX,2
2020-05-07,796.54,785.08,796.54,785.08,240800.0,VNINDEX,2
2020-05-08,813.73,800.32,825.72,800.2,371340.0,VNINDEX,2
2020-05-11,828.33,818.26,828.33,812.48,353420.0,VNINDEX,2
2020-05-12,835.32,827.29,835.95,819.66,322210.0,VNINDEX,2
2020-05-13,834.21,835.32,839.59,815.13,374600.0,VNINDEX,2
2020-05-14,832.4,830.97,836.19,826.17,341120.0,VNINDEX,2
2020-05-15,827.03,835.42,838.47,824.59,301890.0,VNINDEX,2
2020-05-18,837.01,827.49,837.61,823.08,254050.0,VNINDEX,2
2020-05-19,845.92,852.14,854.25,844.15,385270.0,VNINDEX,2
2020-05-20,852.91,843.26,852.91,842.21,265770.0,VNINDEX,2
2020-05-21,862.73,854.93,862.73,854.04,331910.0,VNINDEX,2
2020-05-22,852.74,859.29,860.65,852.08,303980.0,VNINDEX,2
2020-05-25,859.04,852.9,860.45,849.12,307230.0,VNINDEX,2
2020-05-26,869.13,861.47,869.65,860.22,328350.0,VNINDEX,2
2020-05-27,857.48,869.13,875.35,857.48,388900.0,VNINDEX,2
2020-05-28,861.39,858.97,866.17,856.48,322220.0,VNINDEX,2
2020-05-29,864.47,861.59,866.95,859.26,318190.0,VNINDEX,2
2020-06-01,878.67,868.97,878.67,868.97,476520.0,VNINDEX,2
2020-06-02,874.8,879.23,882.73,874.53,484710.0,VNINDEX,2
2020-06-03,881.17,876.73,881.17,874.01,351960.0,VNINDEX,2
2020-06-04,883.9,883.22,888.32,883.22,431120.0,VNINDEX,2
2020-06-05,886.22,883.4,886.59,878.5,499610.0,VNINDEX,2
2020-06-08,899.92,888.7,905.65,888.7,572020.0,VNINDEX,2
2020-06-09,899.43,902.26,904.89,898.87,501730.0,VNINDEX,1
2020-06-10,900.0,898.78,902.69,890.3,542870.0,VNINDEX,1
2020-06-11,867.37,900.48,903.7,867.37,707460.0,VNINDEX,1
2020-06-12,863.52,841.85,863.52,841.44,620770.0,VNINDEX,1
2020-06-15,832.47,867.52,868.16,832.47,708240.0,VNINDEX,1
2020-06-16,856.13,848.86,858.7,844.67,412450.0,VNINDEX,1
2020-06-17,854.44,861.05,861.05,852.27,354840.0,VNINDEX,1
2020-06-18,855.27,850.92,858.03,847.49,280310.0,VNINDEX,1
2020-06-19,868.56,857.77,868.56,857.77,440090.0,VNINDEX,1
2020-06-22,871.28,871.56,872.94,867.37,350370.0,VNINDEX,1
2020-06-23,868.2,871.12,873.2,864.02,455360.0,VNINDEX,1
2020-06-24,859.71,868.2,873.13,857.58,370920.0,VNINDEX,1
2020-06-25,854.59,851.09,856.23,849.65,312300.0,VNINDEX,1
2020-06-26,851.98,859.07,862.59,850.66,300390.0,VNINDEX,1
2020-06-29,829.36,846.26,846.53,826.0,389640.0,VNINDEX,1
2020-06-30,825.11,836.72,840.31,821.92,358390.0,VNINDEX,1
2020-07-01,843.49,827.67,844.26,826.38,303550.0,VNINDEX,1
2020-07-02,842.38,845.66,845.66,838.48,223800.0,VNINDEX,1
2020-07-03,847.61,845.26,848.16,843.25,203000.0,VNINDEX,1
2020-07-06,861.16,851.47,861.85,850.04,215090.0,VNINDEX,1
2020-07-07,863.42,865.46,870.63,863.42,330900.0,VNINDEX,1
2020-07-08,864.5,861.75,865.58,859.98,237540.0,VNINDEX,1
2020-07-09,876.46,867.66,878.36,867.45,306080.0,VNINDEX,1
2020-07-10,871.21,873.7,878.53,867.59,291110.0,VNINDEX,1
2020-07-13,868.72,874.85,876.83,866.99,246070.0,VNINDEX,1
2020-07-14,868.11,865.01,868.11,860.28,239140.0,VNINDEX,1
2020-07-15,869.91,872.8,876.69,869.91,258290.00000000003,VNINDEX,1
2020-07-16,876.83,871.81,876.83,869.25,243470.0,VNINDEX,1
2020-07-17,872.02,873.48,875.07,871.89,270680.0,VNINDEX,1
2020-07-20,861.4,870.66,871.64,861.4,285080.0,VNINDEX,1
2020-07-21,861.69,863.94,864.7,856.94,245410.0,VNINDEX,1
2020-07-22,855.08,862.8,864.0,854.97,278600.0,VNINDEX,1
2020-07-23,856.75,854.92,857.22,851.97,240500.0,VNINDEX,1
2020-07-24,829.16,854.23,854.57,816.65,505100.0,VNINDEX,1
2020-07-27,785.17,794.14,808.74,780.64,422710.0,VNINDEX,1
2020-07-28,813.36,786.72,814.4,786.67,328490.0,VNINDEX,1
2020-07-29,790.84,800.39,800.39,779.82,362090.0,VNINDEX,1
2020-07-30,801.13,796.22,802.97,794.88,188950.0,VNINDEX,1
2020-07-31,798.39,787.78,803.55,786.98,249630.0,VNINDEX,2
2020-08-03,814.65,796.86,814.84,796.47,298140.0,VNINDEX,2
2020-08-04,827.57,822.86,827.57,820.2,277450.0,VNINDEX,2
2020-08-05,837.8,827.54,839.52,820.74,306640.0,VNINDEX,2
2020-08-06,840.04,838.01,844.16,833.56,257020.0,VNINDEX,2
2020-08-07,841.46,840.65,844.33,836.84,259890.0,VNINDEX,2
2020-08-10,843.2,845.11,849.52,843.2,309300.0,VNINDEX,2
2020-08-11,843.08,847.61,847.61,840.35,249000.0,VNINDEX,2
2020-08-12,846.92,844.19,848.54,842.88,272490.0,VNINDEX,2
2020-08-13,855.05,849.96,855.19,849.86,256250.0,VNINDEX,2
2020-08-14,850.74,854.29,860.32,848.38,304710.0,VNINDEX,2
2020-08-17,850.15,848.08,852.05,841.62,237510.0,VNINDEX,2
2020-08-18,846.43,850.15,851.06,845.0,227510.0,VNINDEX,2
2020-08-19,851.21,847.19,853.15,846.22,240150.0,VNINDEX,2
2020-08-20,848.21,851.21,856.99,847.44,285690.0,VNINDEX,2
2020-08-21,854.78,849.99,856.45,849.69,286820.0,VNINDEX,2
2020-08-24,868.68,860.35,868.68,860.35,381520.0,VNINDEX,2
2020-08-25,874.12,870.92,877.57,870.92,399070.0,VNINDEX,2
2020-08-26,873.47,873.62,876.97,871.78,352380.0,VNINDEX,2
2020-08-27,874.71,872.38,875.71,871.93,325720.0,VNINDEX,2
2020-08-28,878.98,878.79,885.86,877.7,398320.0,VNINDEX,2
2020-08-31,881.65,882.13,888.44,879.26,352650.0,VNINDEX,2
2020-09-01,891.73,882.4,892.51,880.79,317000.0,VNINDEX,2
2020-09-03,903.97,898.25,904.32,896.26,370490.0,VNINDEX,2
2020-09-04,901.54,896.02,903.11,893.86,346440.0,VNINDEX,2
2020-09-07,888.25,903.85,905.8,888.25,434060.0,VNINDEX,2
2020-09-08,890.14,891.61,894.58,884.88,294020.0,VNINDEX,2
2020-09-09,889.32,883.68,892.4,881.57,318440.0,VNINDEX,2
2020-09-10,888.82,895.29,896.78,888.82,387240.0,VNINDEX,2
2020-09-11,888.97,888.82,890.98,884.67,309910.0,VNINDEX,2
2020-09-14,894.57,891.89,895.31,891.89,364430.0,VNINDEX,2
2020-09-15,896.26,896.61,898.74,894.66,381800.0,VNINDEX,2
2020-09-16,897.47,897.43,897.58,894.63,290430.0,VNINDEX,2
2020-09-17,894.04,897.47,899.41,890.93,395460.0,VNINDEX,2
2020-09-18,900.95,896.08,902.11,895.82,361840.0,VNINDEX,2
2020-09-21,907.94,904.5,909.78,904.5,403440.0,VNINDEX,2
2020-09-22,906.19,905.9,909.69,902.47,401410.0,VNINDEX,2
2020-09-23,912.5,908.97,913.52,908.97,392510.0,VNINDEX,2
2020-09-24,908.58,910.53,914.51,907.32,398460.0,VNINDEX,2
2020-09-25,908.27,910.78,911.3,905.56,361230.0,VNINDEX,2
2020-09-28,912.5,911.2,913.6,910.04,420240.0,VNINDEX,2
2020-09-29,903.98,916.63,917.49,903.98,465360.0,VNINDEX,2
2020-09-30,905.21,904.34,907.0,900.44,340690.0,VNINDEX,2
2020-10-01,914.09,910.13,914.09,909.13,352450.0,VNINDEX,2
2020-10-02,909.91,914.09,916.67,897.72,527160.0,VNINDEX,2
2020-10-05,914.68,913.77,915.55,910.96,456100.0,VNINDEX,2
2020-10-06,915.67,918.11,918.93,912.77,496130.0,VNINDEX,2
2020-10-07,919.72,913.62,923.57,912.69,523960.00000000006,VNINDEX,2
2020-10-08,918.84,922.08,922.08,913.89,470300.0,VNINDEX,2
2020-10-09,924.0,919.48,924.0,917.7,388130.0,VNINDEX,2
2020-10-12,925.83,930.78,933.13,923.28,457230.0,VNINDEX,2
2020-10-13,929.86,926.76,930.96,923.78,359020.0,VNINDEX,2
2020-10-14,940.18,931.89,940.18,931.89,474920.0,VNINDEX,2
2020-10-15,942.76,945.28,945.93,938.7,470510.0,VNINDEX,2
2020-10-16,943.3,944.03,946.23,935.98,443330.0,VNINDEX,2
2020-10-19,943.69,945.01,946.29,941.92,389470.0,VNINDEX,2
2020-10-20,944.42,941.0,944.54,937.32,444330.0,VNINDEX,2
2020-10-21,939.03,947.16,948.2,939.0,412650.0,VNINDEX,2
2020-10-22,949.9,938.06,949.9,933.78,365120.0,VNINDEX,2
2020-10-23,961.26,953.45,961.26,953.14,452490.0,VNINDEX,2
2020-10-26,950.8,967.52,970.15,950.8,428250.0,VNINDEX,2
2020-10-27,946.47,950.8,954.72,946.28,455850.0,VNINDEX,2
2020-10-28,921.05,942.82,946.91,921.05,456060.0,VNINDEX,2
2020-10-29,919.08,916.49,925.84,914.33,436130.0,VNINDEX,2
2020-10-30,925.47,925.41,926.32,911.2,312750.0,VNINDEX,2
2020-11-02,933.68,926.09,933.68,924.14,297600.0,VNINDEX,2
2020-11-03,935.41,936.73,937.57,932.18,318700.0,VNINDEX,2
2020-11-04,939.76,935.41,943.56,933.86,350870.0,VNINDEX,2
2020-11-05,937.75,940.32,945.51,937.75,304330.0,VNINDEX,2
2020-11-06,938.29,939.73,941.2,934.63,268230.0,VNINDEX,2
2020-11-09,951.99,942.15,951.99,942.15,393200.0,VNINDEX,2
2020-11-10,951.9,962.68,963.47,951.9,456750.0,VNINDEX,2
2020-11-11,952.22,954.46,956.65,947.61,376510.0,VNINDEX,2
2020-11-12,959.28,953.97,959.28,953.62,343910.0,VNINDEX,2
2020-11-13,966.29,959.56,966.29,959.13,457830.0,VNINDEX,2
2020-11-16,950.79,970.11,972.98,950.5,518930.0,VNINDEX,2
2020-11-17,968.9,955.52,968.9,953.22,400960.0,VNINDEX,2
2020-11-18,973.53,969.48,974.3,966.32,478680.0,VNINDEX,2
2020-11-19,983.26,975.32,983.26,974.33,500120.0,VNINDEX,2
2020-11-20,990.0,984.71,990.0,980.72,501050.0,VNINDEX,2
2020-11-23,994.19,991.87,995.9,985.38,489690.0,VNINDEX,2
2020-11-24,995.76,996.55,997.99,984.92,550070.0,VNINDEX,2
2020-11-25,999.94,1000.39,1002.31,996.8,475740.0,VNINDEX,2
2020-11-26,1005.97,999.24,1005.97,994.91,493560.0,VNINDEX,2
2020-11-27,1010.22,1006.68,1010.22,1004.0,446440.0,VNINDEX,2
2020-11-30,1003.08,1011.82,1012.5,1002.61,532930.0,VNINDEX,2
2020-12-01,1008.87,988.71,1008.87,988.71,583310.0,VNINDEX,2
2020-12-02,1014.32,1008.77,1015.86,1007.91,684530.0,VNINDEX,2
2020-12-03,1019.8,1016.73,1020.35,1014.06,518910.0,VNINDEX,2
2020-12-04,1021.49,1019.8,1025.17,1018.67,553590.0,VNINDEX,2
2020-12-07,1029.98,1024.34,1030.41,1022.14,520340.00000000006,VNINDEX,2
2020-12-08,1029.26,1029.98,1032.58,1025.63,527670.0,VNINDEX,2
2020-12-09,1039.13,1029.26,1039.55,1029.26,586050.0,VNINDEX,2
2020-12-10,1030.91,1041.65,1044.1,1030.91,626450.0,VNINDEX,2
2020-12-11,1045.96,1033.19,1045.96,1030.06,463770.0,VNINDEX,2
2020-12-14,1064.09,1048.97,1064.09,1048.97,583590.0,VNINDEX,2
2020-12-15,1055.27,1062.02,1067.45,1052.01,675180.0,VNINDEX,2
2020-12-16,1066.99,1058.34,1066.99,1057.21,591570.0,VNINDEX,2
2020-12-17,1051.77,1065.85,1065.85,1051.42,667890.0,VNINDEX,2
2020-12-18,1067.46,1055.75,1068.56,1055.75,623640.0,VNINDEX,2
2020-12-21,1081.08,1071.62,1081.6,1070.86,713660.0,VNINDEX,2
2020-12-22,1083.45,1081.85,1084.23,1077.06,756110.0,VNINDEX,2
2020-12-23,1078.9,1087.89,1094.09,1077.92,813170.0,VNINDEX,2
2020-12-24,1067.52,1083.83,1084.76,1046.89,757320.0,VNINDEX,2
2020-12-25,1084.42,1068.83,1084.42,1061.83,652810.0,VNINDEX,2
2020-12-28,1091.33,1094.37,1096.11,1083.9,723880.0,VNINDEX,2
2020-12-29,1099.49,1090.49,1102.79,1087.93,678820.0,VNINDEX,2
2020-12-30,1097.54,1099.78,1108.83,1094.91,676980.0,VNINDEX,2
2020-12-31,1103.87,1098.25,1105.33,1096.27,527820.0,VNINDEX,2
2021-01-04,1120.47,1113.77,1126.43,1113.59,764040.0,VNINDEX,2
2021-01-05,1132.55,1116.96,1134.45,1116.49,763430.0,VNINDEX,2
2021-01-06,1143.21,1139.12,1152.85,1133.7,790450.0,VNINDEX,2
2021-01-07,1156.49,1147.26,1156.49,1143.44,763740.0,VNINDEX,2
2021-01-08,1167.69,1164.1,1176.33,1160.48,808310.0,VNINDEX,2
2021-01-11,1184.89,1176.47,1186.45,1175.0,845850.0,VNINDEX,2
2021-01-12,1192.28,1190.38,1192.28,1179.24,719940.0,VNINDEX,2
2021-01-13,1186.05,1197.32,1200.82,1183.18,819290.0,VNINDEX,1
2021-01-14,1187.4,1189.48,1190.5,1178.84,779340.0,VNINDEX,1
2021-01-15,1194.2,1188.84,1197.74,1188.84,783110.0,VNINDEX,1
2021-01-18,1191.94,1198.79,1200.85,1190.33,747420.0,VNINDEX,0
2021-01-19,1131.0,1189.91,1189.91,1117.17,986190.0,VNINDEX,0
2021-01-20,1134.68,1136.5,1142.48,1098.05,839300.0,VNINDEX,0
2021-01-21,1164.21,1146.86,1164.21,1132.66,721920.0,VNINDEX,0
2021-01-22,1166.78,1166.77,1175.72,1161.43,758320.0,VNINDEX,0
2021-01-25,1166.05,1164.2,1172.18,1162.8,707240.0,VNINDEX,0
2021-01-26,1136.12,1164.97,1164.97,1121.03,782270.0,VNINDEX,0
2021-01-27,1097.17,1122.41,1132.99,1088.86,785700.0,VNINDEX,0
2021-01-28,1023.94,1041.71,1052.16,1022.77,767870.0,VNINDEX,0
2021-01-29,1056.61,998.33,1076.11,998.33,797390.0,VNINDEX,0
2021-02-01,1035.51,1056.61,1074.52,1035.51,634330.0,VNINDEX,0
2021-02-02,1075.53,1036.95,1075.53,1029.36,602620.0,VNINDEX,1
2021-02-03,1111.29,1084.87,1113.24,1082.95,703180.0,VNINDEX,2
2021-02-04,1112.19,1112.97,1117.88,1098.85,523410.0,VNINDEX,2
2021-02-05,1126.91,1114.79,1126.91,1112.19,529870.0,VNINDEX,2
2021-02-08,1083.18,1127.06,1127.06,1075.1,696600.0,VNINDEX,2
2021-02-09,1114.93,1090.88,1114.93,1078.98,519810.0,VNINDEX,2
2021-02-17,1155.78,1127.46,1155.78,1127.46,568030.0,VNINDEX,2
2021-02-18,1174.38,1157.1,1174.38,1148.66,614820.0,VNINDEX,2
2021-02-19,1173.5,1160.65,1178.18,1157.6,578280.0,VNINDEX,2
2021-02-22,1175.04,1173.57,1182.67,1169.12,630040.0,VNINDEX,2
2021-02-23,1177.64,1174.57,1184.32,1168.32,598270.0,VNINDEX,2
2021-02-24,1162.01,1184.32,1185.58,1154.36,603000.0,VNINDEX,2
2021-02-25,1165.43,1169.97,1169.97,1155.74,510430.0,VNINDEX,2
2021-02-26,1168.47,1148.88,1169.28,1148.88,554460.0,VNINDEX,2
2021-03-01,1186.17,1176.93,1186.82,1174.45,643380.0,VNINDEX,2
2021-03-02,1186.61,1196.16,1196.16,1181.99,577010.0,VNINDEX,2
2021-03-03,1186.95,1184.73,1189.18,1180.25,631670.0,VNINDEX,2
2021-03-04,1168.52,1191.78,1191.9,1159.48,673450.0,VNINDEX,2
2021-03-05,1168.69,1164.19,1169.56,1155.6,594840.0,VNINDEX,2
2021-03-08,1168.27,1180.33,1181.25,1164.02,652700.0,VNINDEX,2
2021-03-09,1161.97,1160.96,1166.42,1150.94,641430.0,VNINDEX,2
2021-03-10,1170.08,1163.86,1170.59,1154.89,723920.0,VNINDEX,2
2021-03-11,1181.73,1170.08,1183.73,1170.08,629100.0,VNINDEX,2
2021-03-12,1181.56,1185.21,1186.52,1178.14,624710.0,VNINDEX,2
2021-03-15,1184.56,1183.89,1186.06,1178.8,676960.0,VNINDEX,2
2021-03-16,1179.9,1184.91,1184.91,1171.76,683850.0,VNINDEX,2
2021-03-17,1186.09,1178.64,1186.09,1176.26,701090.0,VNINDEX,2
2021-03-18,1200.94,1196.6,1200.94,1191.94,628640.0,VNINDEX,2
2021-03-19,1194.05,1195.47,1199.67,1191.96,680900.0,VNINDEX,2
2021-03-22,1194.43,1200.05,1200.21,1189.31,700870.0,VNINDEX,2
2021-03-23,1183.45,1190.28,1191.47,1177.1,683720.0,VNINDEX,2
2021-03-24,1161.81,1169.42,1174.2,1154.22,750480.0,VNINDEX,2
2021-03-25,1163.1,1164.41,1170.76,1154.44,690730.0,VNINDEX,2
2021-03-26,1162.21,1162.71,1165.76,1137.9,670460.0,VNINDEX,2
2021-03-29,1175.68,1169.65,1175.77,1165.78,660950.0,VNINDEX,2
2021-03-30,1186.36,1179.64,1187.29,1172.85,780730.0,VNINDEX,2
2021-03-31,1191.44,1186.36,1196.45,1186.36,703080.0,VNINDEX,2
2021-04-01,1216.1,1194.59,1217.26,1192.83,672840.0,VNINDEX,2
2021-04-02,1224.45,1225.76,1228.29,1221.07,661890.0,VNINDEX,2
2021-04-05,1236.05,1245.28,1245.28,1228.18,693040.0,VNINDEX,2
2021-04-06,1239.96,1233.37,1244.63,1231.14,694060.0,VNINDEX,2
2021-04-07,1242.38,1237.39,1242.38,1232.52,727820.0,VNINDEX,2
2021-04-08,1234.89,1242.38,1246.4,1232.26,664510.0,VNINDEX,2
2021-04-09,1231.66,1231.51,1234.98,1227.6,732820.0,VNINDEX,2
2021-04-12,1252.45,1236.79,1252.45,1232.35,890310.0,VNINDEX,2
2021-04-13,1248.33,1262.44,1268.02,1247.66,1030000.0,VNINDEX,2
2021-04-14,1255.87,1240.9,1255.87,1233.01,861960.0,VNINDEX,2
2021-04-15,1247.25,1262.25,1265.87,1247.25,806490.0,VNINDEX,2
2021-04-16,1238.71,1245.06,1254.61,1227.14,986880.0,VNINDEX,2
2021-04-19,1260.58,1243.58,1260.58,1233.77,817130.0,VNINDEX,2
2021-04-20,1268.28,1267.74,1286.32,1261.28,843600.0,VNINDEX,2
2021-04-22,1227.82,1264.31,1271.98,1227.82,770370.0,VNINDEX,2
2021-04-23,1248.53,1227.18,1248.53,1216.15,716520.0,VNINDEX,2
2021-04-26,1215.77,1251.25,1251.25,1214.14,744950.0,VNINDEX,2
2021-04-27,1219.75,1213.84,1220.96,1204.14,618170.0,VNINDEX,2
2021-04-28,1229.55,1220.26,1230.91,1217.49,612700.0,VNINDEX,2
2021-04-29,1239.39,1234.91,1239.39,1231.25,647160.0,VNINDEX,2
2021-05-04,1242.2,1222.08,1242.8,1212.56,798490.0,VNINDEX,2
2021-05-05,1256.43,1244.69,1265.93,1244.69,744430.0,VNINDEX,2
2021-05-06,1250.57,1255.42,1261.49,1246.64,730500.0,VNINDEX,2
2021-05-07,1241.81,1245.48,1250.5,1231.92,783040.0,VNINDEX,2
2021-05-10,1259.58,1239.96,1259.58,1236.85,773060.0,VNINDEX,2
2021-05-11,1256.04,1265.11,1272.55,1256.04,770090.0,VNINDEX,2
2021-05-12,1269.09,1251.97,1269.09,1249.18,700670.0,VNINDEX,2
2021-05-13,1261.99,1262.98,1273.49,1261.99,711520.0,VNINDEX,2
2021-05-14,1266.36,1266.43,1271.45,1259.97,730990.0,VNINDEX,2
2021-05-17,1258.7,1272.55,1277.83,1258.5,758290.0,VNINDEX,2
2021-05-18,1252.68,1259.57,1262.22,1249.02,692480.0,VNINDEX,2
2021-05-19,1262.49,1254.78,1262.71,1250.58,694350.0,VNINDEX,2
2021-05-20,1278.22,1264.62,1278.22,1255.78,745210.0,VNINDEX,2
2021-05-21,1283.93,1272.84,1289.03,1268.46,698930.0,VNINDEX,2
2021-05-24,1297.98,1287.5,1299.83,1287.36,715510.0,VNINDEX,2
2021-05-25,1308.58,1299.19,1308.58,1297.23,679060.0,VNINDEX,2
2021-05-26,1316.7,1308.04,1317.3,1304.68,713070.0,VNINDEX,2
2021-05-27,1303.57,1318.42,1319.67,1299.99,733000.0,VNINDEX,2
2021-05-28,1320.46,1307.79,1323.09,1300.06,768850.0,VNINDEX,2
2021-05-31,1328.05,1326.65,1328.05,1307.56,737180.0,VNINDEX,2
2021-06-01,1337.78,1329.47,1346.34,1328.84,629420.0,VNINDEX,2
2021-06-02,1340.78,1337.78,1344.98,1330.82,805240.0,VNINDEX,2
2021-06-03,1364.28,1345.21,1366.0,1345.21,898880.0,VNINDEX,2
2021-06-04,1374.05,1367.06,1374.05,1360.42,943330.0,VNINDEX,2
2021-06-07,1358.78,1374.59,1375.74,1347.21,876690.0,VNINDEX,2
2021-06-08,1319.88,1355.36,1364.48,1318.11,924510.0,VNINDEX,2
2021-06-09,1332.9,1323.52,1339.14,1312.08,822290.0,VNINDEX,2
2021-06-10,1323.58,1332.9,1336.71,1317.49,723490.0,VNINDEX,2
2021-06-11,1351.74,1326.79,1352.47,1322.08,731260.0,VNINDEX,2
2021-06-14,1361.72,1352.73,1368.53,1352.73,775730.0,VNINDEX,2
2021-06-15,1367.36,1361.58,1372.72,1356.59,730940.0,VNINDEX,2
2021-06-16,1356.52,1363.85,1370.14,1350.73,769630.0,VNINDEX,2
2021-06-17,1359.92,1341.06,1364.55,1337.49,768730.0,VNINDEX,2
2021-06-18,1377.77,1366.19,1377.77,1363.52,809470.0,VNINDEX,2
2021-06-21,1372.63,1373.59,1381.74,1367.85,768180.0,VNINDEX,2
2021-06-22,1379.97,1380.84,1385.98,1375.0,746950.0,VNINDEX,2
2021-06-23,1376.87,1383.15,1388.33,1372.06,710770.0,VNINDEX,2
2021-06-24,1379.72,1376.87,1384.71,1372.99,591750.0,VNINDEX,2
2021-06-25,1390.12,1382.11,1390.12,1372.8,598110.0,VNINDEX,2
2021-06-28,1405.81,1397.96,1406.02,1390.56,699510.0,VNINDEX,2
2021-06-29,1410.04,1408.34,1416.34,1406.87,647390.0,VNINDEX,2
2021-06-30,1408.55,1410.83,1419.61,1408.18,595290.0,VNINDEX,1
2021-07-01,1417.08,1412.15,1417.27,1402.18,753560.0,VNINDEX,1
2021-07-02,1420.27,1422.89,1424.28,1415.82,706830.0,VNINDEX,0
2021-07-05,1411.13,1420.27,1421.52,1394.12,774450.0,VNINDEX,0
2021-07-06,1354.79,1411.13,1418.99,1354.79,773510.0,VNINDEX,0
2021-07-07,1388.55,1354.79,1388.55,1334.58,733800.0,VNINDEX,0
2021-07-08,1374.68,1388.55,1388.55,1363.92,528830.0,VNINDEX,0
2021-07-09,1347.14,1374.68,1374.68,1335.9,713990.0,VNINDEX,0
2021-07-12,1296.3,1347.14,1347.14,1270.06,912740.0,VNINDEX,0
2021-07-13,1297.54,1296.3,1307.73,1278.3,500180.0,VNINDEX,0
2021-07-14,1279.91,1297.54,1305.37,1264.68,547970.0,VNINDEX,0
2021-07-15,1293.92,1279.91,1299.18,1270.77,419140.0,VNINDEX,0
2021-07-16,1299.31,1293.92,1304.37,1293.92,415120.0,VNINDEX,0
2021-07-19,1243.51,1299.31,1299.31,1237.79,731020.0,VNINDEX,1
2021-07-20,1273.29,1243.51,1273.29,1225.52,568600.0,VNINDEX,2
2021-07-21,1270.79,1273.29,1284.33,1266.71,451950.0,VNINDEX,2
2021-07-22,1293.67,1270.79,1294.16,1266.54,536410.0,VNINDEX,2
2021-07-23,1268.83,1293.67,1295.63,1268.83,582250.0,VNINDEX,2
2021-07-26,1272.71,1268.83,1277.33,1254.57,508550.0,VNINDEX,2
2021-07-27,1276.93,1272.71,1288.35,1272.71,566750.0,VNINDEX,2
2021-07-28,1277.07,1276.93,1281.17,1271.78,406890.0,VNINDEX,2
2021-07-29,1293.6,1277.07,1293.6,1277.07,491060.0,VNINDEX,2
2021-07-30,1310.05,1293.6,1311.97,1293.6,644440.0,VNINDEX,2
2021-08-02,1314.22,1310.05,1322.35,1304.49,614530.0,VNINDEX,2
2021-08-03,1332.44,1314.22,1332.44,1314.22,647010.0,VNINDEX,2
2021-08-04,1334.74,1332.44,1340.76,1328.4,661800.0,VNINDEX,2
2021-08-05,1345.55,1334.74,1346.62,1326.8,635470.0,VNINDEX,2
2021-08-06,1341.45,1345.55,1351.85,1341.45,736160.0,VNINDEX,2
2021-08-09,1359.86,1341.45,1361.12,1334.69,688430.0,VNINDEX,2
2021-08-10,1362.43,1359.86,1370.35,1358.12,716540.0,VNINDEX,2
2021-08-11,1357.79,1362.43,1374.03,1357.79,806770.0,VNINDEX,2
2021-08-12,1353.05,1357.79,1365.01,1353.05,741560.0,VNINDEX,2
2021-08-13,1357.05,1353.05,1357.41,1336.74,744150.0,VNINDEX,2
2021-08-16,1370.96,1357.05,1372.33,1357.05,827710.0,VNINDEX,2
2021-08-17,1363.09,1370.96,1379.7,1359.11,768610.0,VNINDEX,2
2021-08-18,1360.94,1363.09,1370.5,1355.83,689780.0,VNINDEX,2
2021-08-19,1374.85,1360.94,1374.85,1352.94,728170.0,VNINDEX,2
2021-08-20,1329.43,1374.85,1374.85,1317.52,1210000.0,VNINDEX,2
2021-08-23,1298.86,1329.43,1329.43,1298.86,795070.0,VNINDEX,2
2021-08-24,1298.74,1298.86,1307.56,1289.16,714270.0,VNINDEX,2
2021-08-25,1309.55,1298.74,1310.16,1291.7,522870.0,VNINDEX,2
2021-08-26,1301.12,1309.55,1316.26,1295.77,524290.0,VNINDEX,2
2021-08-27,1313.2,1301.12,1313.2,1285.16,685060.0,VNINDEX,2
2021-08-30,1328.14,1313.2,1329.62,1313.2,676540.0,VNINDEX,2
2021-08-31,1331.47,1328.14,1336.14,1325.69,733830.0,VNINDEX,2
2021-09-01,1334.65,1331.47,1338.02,1328.13,719960.0,VNINDEX,2
2021-09-06,1346.39,1334.65,1348.36,1334.65,944410.0,VNINDEX,2
2021-09-07,1341.9,1346.39,1353.66,1340.32,869380.0,VNINDEX,2
2021-09-08,1333.61,1341.9,1344.49,1328.35,626080.0,VNINDEX,2
2021-09-09,1343.98,1333.61,1345.59,1332.67,642570.0,VNINDEX,2
2021-09-10,1345.31,1343.98,1350.43,1343.98,598730.0,VNINDEX,2
2021-09-13,1341.43,1345.31,1350.69,1340.5,775470.0,VNINDEX,2
2021-09-14,1339.7,1341.43,1349.13,1336.84,730450.0,VNINDEX,2
2021-09-15,1345.83,1339.7,1347.7,1334.97,692090.0,VNINDEX,2
2021-09-16,1345.87,1345.83,1353.12,1341.23,599770.0,VNINDEX,2
2021-09-17,1352.64,1345.87,1356.45,1345.87,852780.0,VNINDEX,2
2021-09-20,1350.48,1352.64,1365.92,1349.18,895460.0,VNINDEX,2
2021-09-21,1339.84,1350.48,1350.48,1324.82,859680.0,VNINDEX,2
2021-09-22,1350.68,1339.84,1350.71,1336.63,779650.0,VNINDEX,2
2021-09-23,1352.76,1350.68,1361.09,1350.43,997610.0,VNINDEX,2
2021-09-24,1351.17,1352.76,1356.97,1348.07,673100.0,VNINDEX,2
2021-09-27,1324.99,1351.17,1354.38,1324.99,778440.0,VNINDEX,2
2021-09-28,1339.31,1324.99,1341.81,1316.41,623510.0,VNINDEX,2
2021-09-29,1339.21,1339.31,1340.9,1328.17,598500.0,VNINDEX,2
2021-09-30,1342.06,1339.21,1348.89,1339.21,438290.0,VNINDEX,2
2021-10-01,1334.89,1342.06,1344.06,1332.97,738170.0,VNINDEX,2
2021-10-04,1339.54,1334.89,1347.49,1333.53,736080.0,VNINDEX,2
2021-10-05,1354.63,1339.54,1354.63,1339.54,636270.0,VNINDEX,2
2021-10-06,1362.82,1354.63,1362.82,1354.63,637000.0,VNINDEX,2
2021-10-07,1365.99,1362.82,1367.64,1360.57,693030.0,VNINDEX,2
2021-10-08,1372.73,1365.99,1373.18,1365.93,632860.0,VNINDEX,2
2021-10-11,1394.09,1372.73,1394.64,1372.73,764350.0,VNINDEX,2
2021-10-12,1394.8,1394.09,1400.78,1389.43,742810.0,VNINDEX,2
2021-10-13,1391.91,1394.8,1400.67,1389.61,645350.0,VNINDEX,2
2021-10-14,1391.85,1391.91,1398.67,1388.89,725510.0,VNINDEX,2
2021-10-15,1392.7,1391.85,1399.03,1388.0,784560.0,VNINDEX,2
2021-10-18,1395.53,1392.7,1402.63,1390.88,795920.0,VNINDEX,2
2021-10-19,1395.33,1395.53,1399.66,1388.95,639440.0,VNINDEX,2
2021-10-20,1393.8,1395.33,1401.76,1376.15,845890.0,VNINDEX,2
2021-10-21,1384.77,1393.8,1398.45,1384.77,709070.0,VNINDEX,2
2021-10-22,1389.24,1384.77,1393.7,1384.77,798130.0,VNINDEX,2
2021-10-25,1385.4,1389.24,1395.72,1385.4,899260.0,VNINDEX,2
2021-10-26,1391.63,1385.4,1393.03,1377.56,747950.0,VNINDEX,2
2021-10-27,1423.02,1391.63,1423.02,1391.63,936220.0,VNINDEX,1
2021-10-28,1438.01,1423.02,1440.64,1420.42,865430.0,VNINDEX,1
2021-10-29,1444.27,1438.01,1447.62,1432.19,982010.0,VNINDEX,1
2021-11-01,1438.97,1444.27,1451.81,1435.57,1130000.0,VNINDEX,1
2021-11-02,1452.46,1438.97,1452.46,1438.83,1010000.0,VNINDEX,1
2021-11-03,1444.3,1452.46,1463.63,1440.67,1510000.0,VNINDEX,1
2021-11-04,1448.34,1444.3,1451.98,1435.84,929530.0,VNINDEX,1
2021-11-05,1456.51,1448.34,1459.93,1444.51,874070.0,VNINDEX,1
2021-11-08,1467.57,1456.51,1470.49,1456.51,1080000.0,VNINDEX,1
2021-11-09,1461.5,1467.57,1474.2,1457.57,1030000.0,VNINDEX,1
2021-11-10,1465.02,1461.5,1470.19,1457.98,985540.0,VNINDEX,1
2021-11-11,1462.35,1465.02,1472.89,1449.18,1270000.0,VNINDEX,1
2021-11-12,1473.37,1462.35,1474.98,1453.22,955630.0,VNINDEX,1
2021-11-15,1476.57,1473.37,1481.96,1466.01,1170000.0,VNINDEX,1
2021-11-16,1466.45,1476.57,1476.97,1459.08,1220000.0,VNINDEX,1
2021-11-17,1475.85,1466.45,1477.04,1464.78,860800.0,VNINDEX,1
2021-11-18,1469.83,1475.85,1482.87,1469.83,1090000.0,VNINDEX,1
2021-11-19,1452.35,1469.83,1481.53,1434.69,1520000.0,VNINDEX,1
2021-11-22,1447.25,1452.35,1466.46,1442.85,1270000.0,VNINDEX,1
2021-11-23,1463.63,1447.25,1463.63,1438.41,880070.0,VNINDEX,1
2021-11-24,1488.87,1463.63,1491.05,1463.63,1120000.0,VNINDEX,1
2021-11-25,1500.81,1488.87,1505.36,1488.87,1010000.0,VNINDEX,1
2021-11-26,1493.03,1500.81,1511.68,1488.83,1060000.0,VNINDEX,1
2021-11-29,1484.84,1493.03,1493.03,1464.83,1010000.0,VNINDEX,1
2021-11-30,1478.44,1484.84,1503.09,1471.57,1080000.0,VNINDEX,1
2021-12-01,1485.19,1478.44,1487.68,1471.3,876730.0,VNINDEX,1
2021-12-02,1482.05,1485.19,1493.84,1482.05,763960.0,VNINDEX,1
2021-12-03,1443.32,1482.05,1491.2,1443.32,1100000.0,VNINDEX,1
2021-12-06,1413.58,1443.32,1452.55,1400.87,1040000.0,VNINDEX,1
2021-12-07,1446.77,1413.58,1446.77,1413.58,755910.0,VNINDEX,1
2021-12-08,1452.87,1446.77,1460.28,1446.77,771030.0,VNINDEX,1
2021-12-09,1467.98,1452.87,1467.98,1446.88,665460.0,VNINDEX,1
2021-12-10,1463.54,1467.98,1475.85,1461.78,798290.0,VNINDEX,1
2021-12-13,1476.21,1463.54,1481.7,1463.54,865580.0,VNINDEX,1
2021-12-14,1476.02,1476.21,1485.14,1469.21,964110.0,VNINDEX,1
2021-12-15,1475.5,1476.02,1481.67,1468.21,906080.0,VNINDEX,1
2021-12-16,1476.61,1475.5,1482.32,1468.95,927540.0,VNINDEX,1
2021-12-17,1479.79,1476.61,1487.73,1476.61,1110000.0,VNINDEX,1
2021-12-20,1477.33,1479.79,1483.85,1468.88,963350.0,VNINDEX,1
2021-12-21,1478.74,1477.33,1486.09,1472.43,902840.0,VNINDEX,1
2021-12-22,1477.67,1478.74,1489.24,1471.84,1070000.0,VNINDEX,1
2021-12-23,1456.96,1477.67,1481.21,1447.14,1360000.0,VNINDEX,1
2021-12-24,1477.03,1456.96,1478.8,1456.32,889480.0,VNINDEX,1
2021-12-27,1488.88,1477.03,1490.12,1469.91,752110.0,VNINDEX,1
2021-12-28,1494.39,1488.88,1499.77,1483.97,1000000.0,VNINDEX,1
2021-12-29,1485.82,1494.39,1498.91,1485.82,843880.0,VNINDEX,1
2021-12-30,1485.97,1490.96,1493.38,1484.82,747860.0,VNINDEX,1
2021-12-31,1498.28,1485.97,1499.07,1485.97,875730.0,VNINDEX,1
2022-01-04,1525.58,1508.55,1526.69,1507.19,891300.0,VNINDEX,1
2022-01-05,1522.5,1525.58,1535.82,1522.5,1060000.0,VNINDEX,1
2022-01-06,1528.57,1522.5,1536.24,1518.18,1130000.0,VNINDEX,1
2022-01-07,1528.48,1534.1,1534.52,1524.96,1030000.0,VNINDEX,1
2022-01-10,1503.71,1528.48,1536.45,1503.71,1380000.0,VNINDEX,1
2022-01-11,1492.31,1503.71,1512.05,1488.4,1250000.0,VNINDEX,1
2022-01-12,1510.51,1489.11,1510.51,1464.49,1130000.0,VNINDEX,1
2022-01-13,1496.05,1510.51,1522.6,1495.13,995820.0,VNINDEX,1
2022-01-14,1496.02,1496.05,1503.25,1476.68,785610.0,VNINDEX,1
2022-01-17,1452.84,1496.02,1503.86,1452.84,987100.0,VNINDEX,1
2022-01-18,1438.94,1452.84,1452.84,1424.65,739290.0,VNINDEX,1
2022-01-19,1442.79,1438.94,1449.11,1434.46,637630.0,VNINDEX,1
2022-01-20,1465.3,1442.79,1469.08,1432.58,785760.0,VNINDEX,1
2022-01-21,1472.89,1465.3,1477.23,1463.06,811350.0,VNINDEX,1
2022-01-24,1439.71,1472.89,1472.89,1432.18,828130.0,VNINDEX,1
2022-01-25,1479.58,1439.71,1479.58,1424.36,751390.0,VNINDEX,1
2022-01-26,1481.58,1479.58,1490.45,1478.41,813180.0,VNINDEX,1
2022-01-27,1470.76,1481.58,1486.39,1464.06,564600.0,VNINDEX,1
2022-01-28,1478.96,1470.76,1484.48,1465.22,702680.0,VNINDEX,1
2022-02-07,1497.66,1478.96,1505.69,1478.96,578170.0,VNINDEX,1
2022-02-08,1500.99,1497.66,1503.33,1491.78,734760.0,VNINDEX,1
2022-02-09,1505.38,1500.99,1511.72,1499.53,794740.0,VNINDEX,1
2022-02-10,1506.79,1510.66,1512.88,1495.7,680250.0,VNINDEX,1
2022-02-11,1501.71,1506.79,1508.54,1499.06,636280.0,VNINDEX,1
2022-02-14,1471.96,1501.71,1501.71,1471.96,810720.0,VNINDEX,1
2022-02-15,1492.75,1471.96,1495.56,1470.06,606420.0,VNINDEX,1
2022-02-16,1492.1,1492.75,1499.5,1486.68,702520.0,VNINDEX,1
2022-02-17,1507.99,1492.1,1507.99,1492.1,615790.0,VNINDEX,1
2022-02-18,1504.84,1507.99,1507.99,1492.38,697550.0,VNINDEX,1
2022-02-21,1510.84,1504.84,1516.63,1500.97,791920.0,VNINDEX,1
2022-02-22,1503.47,1510.84,1510.84,1484.81,908050.0,VNINDEX,1
2022-02-23,1512.3,1503.47,1520.78,1503.47,694650.0,VNINDEX,1
2022-02-24,1494.85,1512.3,1513.25,1473.76,1160000.0,VNINDEX,1
2022-02-25,1498.89,1494.85,1512.05,1494.85,768010.0,VNINDEX,1
2022-02-28,1490.13,1498.89,1502.36,1487.57,729790.0,VNINDEX,1
2022-03-01,1498.78,1490.13,1501.73,1490.13,842430.0,VNINDEX,1
2022-03-02,1485.52,1499.37,1500.41,1479.55,941550.0,VNINDEX,1
2022-03-03,1505.0,1485.52,1505.0,1485.52,929210.0,VNINDEX,1
2022-03-04,1505.33,1505.0,1509.19,1501.39,928920.0,VNINDEX,1
2022-03-07,1499.05,1505.33,1505.33,1493.87,981720.0,VNINDEX,1
2022-03-08,1473.71,1499.05,1499.05,1473.71,1040000.0,VNINDEX,1
2022-03-09,1473.74,1473.71,1482.86,1462.8,930300.0,VNINDEX,1
2022-03-10,1479.08,1473.74,1488.59,1473.74,649940.0,VNINDEX,1
2022-03-11,1466.54,1479.08,1480.29,1458.88,878190.0,VNINDEX,1
2022-03-14,1446.25,1466.54,1466.54,1439.19,858570.0,VNINDEX,1
2022-03-15,1452.74,1446.25,1453.07,1437.27,675630.0,VNINDEX,1
2022-03-16,1459.33,1452.74,1462.98,1452.74,624220.0,VNINDEX,1
2022-03-17,1461.34,1459.33,1467.74,1459.14,717440.0,VNINDEX,1
2022-03-18,1469.1,1461.34,1474.86,1461.34,795730.0,VNINDEX,1
2022-03-21,1494.95,1474.78,1494.95,1474.38,792160.0,VNINDEX,1
2022-03-22,1503.78,1494.95,1507.71,1494.95,947700.0,VNINDEX,1
2022-03-23,1502.34,1503.78,1513.9,1501.67,861130.0,VNINDEX,1
2022-03-24,1498.26,1502.34,1505.39,1495.18,784910.0,VNINDEX,1
2022-03-25,1498.5,1500.17,1503.29,1494.55,768940.0,VNINDEX,1
2022-03-28,1483.18,1498.5,1498.5,1473.8,1070000.0,VNINDEX,1
2022-03-29,1497.76,1483.18,1498.45,1483.18,737940.0,VNINDEX,1
2022-03-30,1490.51,1497.76,1503.89,1483.9,901490.0,VNINDEX,1
2022-03-31,1492.15,1490.51,1498.41,1488.27,684540.0,VNINDEX,1
2022-04-01,1516.44,1492.15,1516.87,1484.13,967670.0,VNINDEX,1
2022-04-04,1524.7,1516.44,1530.95,1516.44,779580.0,VNINDEX,1
2022-04-05,1520.03,1524.7,1527.57,1519.28,703530.0,VNINDEX,1
2022-04-06,1522.9,1520.03,1523.75,1507.62,944040.0,VNINDEX,1
2022-04-07,1502.35,1522.9,1524.92,1502.35,795130.0,VNINDEX,1
2022-04-08,1482.0,1502.35,1507.73,1482.0,763560.0,VNINDEX,1
2022-04-12,1455.25,1482.0,1490.58,1455.25,680060.0,VNINDEX,0
2022-04-13,1477.2,1455.25,1477.2,1448.52,674790.0,VNINDEX,0
2022-04-14,1472.12,1477.2,1484.34,1471.75,523370.0,VNINDEX,0
2022-04-15,1458.56,1472.12,1478.95,1456.39,659470.0,VNINDEX,0
2022-04-18,1432.6,1458.56,1458.56,1425.07,827690.0,VNINDEX,0
2022-04-19,1406.45,1432.6,1442.04,1406.45,702350.0,VNINDEX,0
2022-04-20,1384.72,1401.63,1410.64,1384.72,688330.0,VNINDEX,0
2022-04-21,1370.21,1384.72,1392.33,1356.58,810670.0,VNINDEX,0
2022-04-22,1379.23,1370.21,1392.89,1352.43,834410.0,VNINDEX,0
2022-04-25,1310.92,1379.23,1382.13,1298.38,762880.0,VNINDEX,0
2022-04-26,1341.34,1310.92,1341.34,1261.4,727650.0,VNINDEX,0
2022-04-27,1353.77,1341.34,1355.92,1314.81,519560.0,VNINDEX,0
2022-04-28,1350.99,1353.77,1358.07,1344.1,485120.0,VNINDEX,0
2022-04-29,1366.8,1350.99,1369.31,1343.24,598400.0,VNINDEX,0
2022-05-04,1348.68,1366.11,1366.39,1348.68,528290.0,VNINDEX,0
2022-05-05,1360.68,1348.68,1362.18,1331.41,531080.0,VNINDEX,0
2022-05-06,1329.26,1360.68,1360.68,1328.13,564070.0,VNINDEX,0
2022-05-09,1269.62,1329.26,1329.26,1265.54,673760.0,VNINDEX,0
2022-05-10,1293.56,1269.62,1293.56,1232.57,665480.0,VNINDEX,0
2022-05-11,1301.53,1293.56,1305.17,1277.91,418230.0,VNINDEX,0
2022-05-12,1238.84,1301.53,1301.53,1238.05,557890.0,VNINDEX,0
2022-05-13,1182.77,1238.84,1238.84,1180.6,816990.0,VNINDEX,0
2022-05-16,1171.95,1182.77,1215.96,1170.59,584390.0,VNINDEX,0
2022-05-17,1228.37,1171.95,1228.37,1156.54,583960.0,VNINDEX,0
2022-05-18,1240.76,1228.37,1249.84,1222.92,566360.0,VNINDEX,0
2022-05-19,1241.64,1240.76,1246.66,1210.43,496730.0,VNINDEX,0
2022-05-20,1240.71,1241.64,1252.96,1232.33,504690.0,VNINDEX,0
2022-05-23,1218.81,1240.71,1246.58,1207.99,557430.0,VNINDEX,0
2022-05-24,1233.38,1218.81,1233.38,1203.28,528480.0,VNINDEX,0
2022-05-25,1268.43,1233.38,1268.43,1233.38,655240.0,VNINDEX,0
2022-05-26,1268.57,1268.43,1278.11,1261.55,541910.0,VNINDEX,0
2022-05-27,1285.45,1268.57,1286.99,1268.57,607220.0,VNINDEX,0
2022-05-30,1293.92,1285.45,1296.22,1281.27,587230.0,VNINDEX,0
2022-05-31,1292.68,1293.92,1297.64,1280.44,591090.0,VNINDEX,0
2022-06-01,1299.52,1292.68,1302.25,1286.01,573630.0,VNINDEX,0
2022-06-02,1288.62,1299.52,1302.66,1283.32,572550.0,VNINDEX,0
2022-06-03,1287.98,1288.62,1292.78,1276.37,473810.0,VNINDEX,0
2022-06-06,1290.01,1287.98,1302.14,1281.95,589890.0,VNINDEX,0
2022-06-07,1291.35,1290.01,1291.35,1260.92,670870.0,VNINDEX,0
2022-06-08,1307.91,1291.35,1316.78,1291.35,584570.0,VNINDEX,0
2022-06-09,1307.8,1307.91,1312.44,1300.85,465660.0,VNINDEX,0
2022-06-10,1284.08,1307.8,1309.59,1284.08,603290.0,VNINDEX,0
2022-06-13,1227.04,1284.08,1284.08,1226.01,733450.0,VNINDEX,0
2022-06-14,1230.31,1227.04,1239.36,1211.13,560890.0,VNINDEX,0
2022-06-15,1213.93,1230.31,1235.56,1195.19,688120.0,VNINDEX,0
2022-06-16,1236.63,1213.93,1246.32,1213.93,561690.0,VNINDEX,0
2022-06-17,1217.3,1236.63,1236.63,1191.92,738580.0,VNINDEX,0
2022-06-20,1180.4,1218.37,1221.6,1180.4,669550.0,VNINDEX,0
2022-06-21,1172.47,1180.4,1189.97,1162.94,694930.0,VNINDEX,0
2022-06-22,1169.27,1172.47,1185.86,1162.98,592480.0,VNINDEX,0
2022-06-23,1188.88,1169.27,1188.88,1162.06,440780.0,VNINDEX,0
2022-06-24,1185.48,1188.88,1196.85,1185.48,478690.0,VNINDEX,0
2022-06-27,1202.82,1185.48,1203.51,1185.48,526960.0,VNINDEX,0
2022-06-28,1218.1,1202.82,1221.74,1198.99,588390.0,VNINDEX,0
2022-06-29,1218.09,1218.1,1219.58,1207.38,560590.0,VNINDEX,0
2022-06-30,1197.6,1218.09,1220.51,1197.6,510220.0,VNINDEX,0
2022-07-01,1198.9,1197.6,1202.41,1170.95,534070.0,VNINDEX,0
2022-07-04,1195.53,1206.47,1208.96,1192.63,442820.0,VNINDEX,0
2022-07-05,1181.29,1195.53,1200.99,1181.29,612000.0,VNINDEX,0
2022-07-06,1149.61,1181.29,1181.29,1147.63,556460.0,VNINDEX,0
2022-07-07,1166.48,1149.61,1166.48,1142.8,411790.0,VNINDEX,0
2022-07-08,1171.31,1166.48,1177.18,1164.23,476370.0,VNINDEX,0
2022-07-11,1155.29,1171.31,1171.31,1144.55,538710.0,VNINDEX,0
2022-07-12,1174.82,1155.29,1174.82,1153.55,525110.0,VNINDEX,0
2022-07-13,1173.92,1173.46,1182.21,1170.92,564000.0,VNINDEX,0
2022-07-14,1182.17,1173.92,1182.17,1170.04,534740.0,VNINDEX,0
2022-07-15,1179.25,1182.17,1189.66,1178.12,604010.0,VNINDEX,0
2022-07-18,1176.49,1179.25,1184.93,1174.7,523730.0,VNINDEX,0
2022-07-19,1178.33,1176.49,1180.46,1168.99,532690.0,VNINDEX,0
2022-07-20,1194.14,1178.33,1198.63,1178.33,648000.0,VNINDEX,0
2022-07-21,1198.47,1194.14,1201.91,1194.14,530310.0,VNINDEX,0
2022-07-22,1194.76,1198.47,1202.69,1194.76,477950.0,VNINDEX,0
2022-07-25,1188.5,1191.43,1198.16,1184.32,437850.0,VNINDEX,0
2022-07-26,1185.07,1188.5,1194.15,1184.44,434800.0,VNINDEX,0
2022-07-27,1191.04,1185.07,1191.04,1178.58,445140.0,VNINDEX,0
2022-07-28,1208.12,1191.04,1214.03,1191.04,668860.0,VNINDEX,0
2022-07-29,1206.33,1208.12,1217.84,1206.33,590320.0,VNINDEX,0
2022-08-01,1231.35,1206.33,1231.35,1206.33,708710.0,VNINDEX,0
2022-08-02,1241.62,1231.35,1241.91,1224.11,817690.0,VNINDEX,0
2022-08-03,1249.76,1241.62,1250.2,1232.41,789520.0,VNINDEX,0
2022-08-04,1254.15,1249.76,1257.38,1247.38,724750.0,VNINDEX,0
2022-08-05,1252.74,1250.25,1253.75,1245.05,698640.0,VNINDEX,0
2022-08-08,1256.75,1252.36,1258.84,1252.04,699340.0,VNINDEX,0
2022-08-09,1258.85,1256.75,1263.14,1252.84,721640.0,VNINDEX,0
2022-08-10,1256.5,1258.85,1260.36,1253.89,651760.0,VNINDEX,0
2022-08-11,1252.07,1256.5,1268.03,1245.85,810550.0,VNINDEX,0
2022-08-12,1262.33,1252.07,1262.33,1248.65,542040.0,VNINDEX,0
2022-08-15,1274.2,1262.33,1274.24,1262.33,634200.0,VNINDEX,0
2022-08-16,1274.69,1274.2,1275.93,1271.11,617720.0,VNINDEX,0
2022-08-17,1275.28,1274.69,1280.61,1271.97,712250.0,VNINDEX,0
2022-08-18,1273.66,1275.28,1283.15,1268.64,599080.0,VNINDEX,0
2022-08-19,1269.18,1273.66,1280.0,1263.45,607620.0,VNINDEX,0
2022-08-22,1260.43,1269.18,1270.57,1255.83,619450.0,VNINDEX,0
2022-08-23,1270.81,1260.43,1270.81,1253.45,564720.0,VNINDEX,0
2022-08-24,1277.16,1270.81,1280.36,1270.81,601890.0,VNINDEX,0
2022-08-25,1288.88,1277.16,1289.18,1277.16,623970.0,VNINDEX,0
2022-08-26,1282.57,1291.29,1295.12,1280.05,668960.0,VNINDEX,0
2022-08-29,1270.8,1282.57,1282.57,1249.17,845900.0,VNINDEX,0
2022-08-30,1279.39,1270.8,1287.65,1270.8,526100.0,VNINDEX,0
2022-08-31,1280.51,1279.39,1285.29,1274.99,499310.0,VNINDEX,0
2022-09-05,1277.35,1280.51,1285.7,1275.35,524680.0,VNINDEX,0
2022-09-06,1277.4,1279.58,1286.92,1277.4,581460.0,VNINDEX,0
2022-09-07,1243.17,1277.4,1277.4,1243.17,852270.0,VNINDEX,0
2022-09-08,1234.6,1243.17,1251.36,1234.6,599610.0,VNINDEX,0
2022-09-09,1248.78,1234.6,1248.78,1228.54,586030.0,VNINDEX,0
2022-09-12,1249.62,1248.78,1257.8,1248.78,410190.0,VNINDEX,0
2022-09-13,1248.4,1249.62,1252.35,1243.87,473970.0,VNINDEX,0
2022-09-14,1240.77,1248.4,1248.4,1228.51,607860.0,VNINDEX,0
2022-09-15,1245.66,1240.77,1250.93,1240.77,429840.0,VNINDEX,0
2022-09-16,1234.03,1245.66,1246.17,1230.37,632370.0,VNINDEX,0
2022-09-19,1205.43,1234.03,1234.03,1202.07,701960.0,VNINDEX,0
2022-09-20,1218.93,1212.08,1218.93,1199.71,473890.0,VNINDEX,0
2022-09-21,1210.55,1218.93,1218.93,1204.68,391710.0,VNINDEX,0
2022-09-22,1214.7,1210.55,1214.7,1196.64,473560.0,VNINDEX,0
2022-09-23,1203.28,1214.7,1216.59,1201.45,485380.0,VNINDEX,0
2022-09-26,1174.35,1203.28,1203.28,1159.12,757090.0,VNINDEX,0
2022-09-27,1166.54,1174.35,1180.75,1166.44,466620.0,VNINDEX,0
2022-09-28,1143.62,1166.54,1166.54,1142.79,527700.0,VNINDEX,0
2022-09-29,1126.07,1143.62,1159.49,1126.07,491470.0,VNINDEX,0
2022-09-30,1132.11,1126.07,1135.47,1099.44,729670.0,VNINDEX,0
2022-10-03,1086.44,1132.11,1132.11,1079.86,554150.0,VNINDEX,0
2022-10-04,1078.14,1086.44,1100.42,1069.74,582820.0,VNINDEX,0
2022-10-05,1104.26,1078.14,1110.21,1078.14,451940.0,VNINDEX,0
2022-10-06,1074.52,1104.26,1106.97,1072.57,545820.0,VNINDEX,0
2022-10-07,1035.91,1074.52,1074.52,1022.38,877310.0,VNINDEX,0
2022-10-10,1042.48,1035.91,1051.02,1012.94,692980.0,VNINDEX,0
2022-10-11,1006.2,1042.48,1042.48,998.64,672100.0,VNINDEX,0
2022-10-12,1034.81,1006.2,1039.44,1002.89,616140.0,VNINDEX,0
2022-10-13,1050.99,1034.81,1050.99,1025.04,477330.0,VNINDEX,0
2022-10-14,1061.85,1050.99,1068.12,1050.99,641480.0,VNINDEX,0
2022-10-17,1051.58,1061.85,1061.85,1033.59,497420.0,VNINDEX,0
2022-10-18,1063.66,1051.58,1071.74,1051.58,514840.00000000006,VNINDEX,0
2022-10-19,1060.07,1063.66,1065.99,1052.29,400660.0,VNINDEX,0
2022-10-20,1058.45,1056.14,1065.28,1048.21,398330.0,VNINDEX,0
2022-10-21,1019.82,1058.45,1059.09,1013.69,742100.0,VNINDEX,0
2022-10-24,986.15,1019.82,1023.51,977.41,654950.0,VNINDEX,0
2022-10-25,997.7,986.15,1011.39,962.45,751180.0,VNINDEX,0
2022-10-26,993.36,997.7,1004.55,984.71,448280.0,VNINDEX,0
2022-10-27,1028.01,993.36,1028.01,990.48,647720.0,VNINDEX,0
2022-10-28,1027.36,1028.01,1044.57,1026.53,654700.0,VNINDEX,0
2022-10-31,1027.94,1028.24,1030.32,1005.0,662040.0,VNINDEX,0
2022-11-01,1033.75,1027.94,1043.53,1027.39,613980.0,VNINDEX,0
2022-11-02,1023.19,1033.75,1034.73,1018.64,578230.0,VNINDEX,0
2022-11-03,1019.81,1023.19,1023.95,1010.65,442890.0,VNINDEX,0
2022-11-04,997.15,1008.23,1009.96,974.61,753110.0,VNINDEX,0
2022-11-07,975.19,997.15,997.15,969.61,646850.0,VNINDEX,0
2022-11-08,981.65,975.19,981.86,956.97,660720.0,VNINDEX,0
2022-11-09,985.59,981.65,994.79,977.93,583060.0,VNINDEX,0
2022-11-10,947.24,975.97,976.31,935.78,698760.0,VNINDEX,0
2022-11-11,954.53,947.24,966.7,947.24,736490.0,VNINDEX,0
2022-11-14,941.04,954.53,954.53,923.53,666060.0,VNINDEX,1
2022-11-15,911.9,941.04,941.04,900.17,692340.0,VNINDEX,2
2022-11-16,942.9,911.9,945.42,873.78,1050000.0,VNINDEX,2
2022-11-17,969.26,942.9,972.88,942.9,724460.0,VNINDEX,2
2022-11-18,969.33,969.26,971.77,939.73,960580.0,VNINDEX,2
2022-11-21,960.65,969.33,973.19,956.77,597720.0,VNINDEX,2
2022-11-22,952.12,960.65,985.28,948.52,1050000.0,VNINDEX,2
2022-11-23,946.0,952.12,958.61,942.02,542120.0,VNINDEX,2
2022-11-24,947.71,946.0,950.03,934.31,543140.0,VNINDEX,2
2022-11-25,971.46,947.71,971.46,947.71,622500.0,VNINDEX,2
2022-11-28,1005.69,971.46,1006.22,971.46,973790.0,VNINDEX,2
2022-11-29,1032.16,1005.69,1032.16,998.56,1180000.0,VNINDEX,2
2022-11-30,1048.42,1032.16,1048.42,1021.54,1140000.0,VNINDEX,2
2022-12-01,1036.28,1048.42,1066.28,1035.62,1340000.0,VNINDEX,2
2022-12-02,1080.01,1036.28,1080.01,1030.81,1090000.0,VNINDEX,2
2022-12-05,1093.67,1080.01,1099.45,1080.01,1260000.0,VNINDEX,0
2022-12-06,1048.69,1093.67,1093.67,1048.69,1480000.0,VNINDEX,0
2022-12-07,1041.02,1048.69,1059.79,1034.92,920940.0,VNINDEX,0
2022-12-08,1050.53,1041.02,1078.09,1041.02,916990.0,VNINDEX,0
2022-12-09,1051.81,1050.53,1061.21,1041.39,788200.0,VNINDEX,0
2022-12-12,1032.07,1051.81,1065.16,1032.07,909570.0,VNINDEX,0
2022-12-13,1047.45,1032.07,1047.45,1026.3,798740.0,VNINDEX,0
2022-12-14,1050.43,1047.45,1062.18,1046.43,792040.0,VNINDEX,0
2022-12-15,1055.32,1049.16,1062.61,1049.06,731120.0,VNINDEX,0
2022-12-16,1052.48,1055.32,1064.79,1047.16,881530.0,VNINDEX,0
2022-12-19,1038.4,1052.48,1065.59,1038.4,988840.0,VNINDEX,0
2022-12-20,1023.13,1038.4,1038.74,1010.08,1080000.0,VNINDEX,0
2022-12-21,1018.88,1033.34,1033.84,1005.43,857330.0,VNINDEX,0
2022-12-22,1022.61,1018.88,1033.18,1016.54,714220.0,VNINDEX,0
2022-12-23,1020.34,1022.61,1027.34,1013.2,544110.0,VNINDEX,0
2022-12-26,985.21,1020.34,1021.89,985.21,623490.0,VNINDEX,1
2022-12-27,1004.57,985.21,1007.88,983.67,593360.0,VNINDEX,1
2022-12-28,1015.66,1004.57,1020.52,998.97,590450.0,VNINDEX,2
2022-12-29,1009.29,1015.66,1021.96,1009.29,462660.0,VNINDEX,2
2022-12-30,1007.09,1009.29,1017.99,1007.09,407140.0,VNINDEX,2
2023-01-03,1043.9,1007.09,1043.9,1007.09,551330.0,VNINDEX,2
2023-01-04,1046.35,1043.9,1052.6,1041.56,647730.0,VNINDEX,2
2023-01-05,1055.82,1048.17,1058.14,1046.64,535050.0,VNINDEX,2
2023-01-06,1051.44,1055.82,1065.58,1047.26,698500.0,VNINDEX,2
2023-01-09,1054.21,1058.28,1062.12,1050.95,475200.0,VNINDEX,2
2023-01-10,1053.35,1054.21,1057.44,1045.75,546260.0,VNINDEX,2
2023-01-11,1055.76,1053.35,1065.69,1053.35,545180.0,VNINDEX,2
2023-01-12,1056.39,1055.76,1060.97,1050.27,506470.0,VNINDEX,2
2023-01-13,1060.17,1056.39,1066.39,1055.23,670230.0,VNINDEX,2
2023-01-16,1066.68,1060.17,1067.74,1057.87,520790.0,VNINDEX,2
2023-01-17,1088.29,1066.68,1088.29,1066.68,673930.0,VNINDEX,2
2023-01-18,1098.28,1088.29,1100.39,1088.29,604200.0,VNINDEX,2
2023-01-19,1108.08,1098.28,1111.72,1094.46,617710.0,VNINDEX,2
2023-01-27,1117.1,1108.08,1124.3,1108.08,604930.0,VNINDEX,2
2023-01-30,1102.57,1117.1,1118.46,1102.57,798680.0,VNINDEX,1
2023-01-31,1111.18,1102.57,1111.18,1088.25,748420.0,VNINDEX,1
2023-02-01,1075.97,1111.18,1116.96,1075.97,1030000.0,VNINDEX,1
2023-02-02,1077.59,1075.97,1083.36,1070.81,634740.0,VNINDEX,1
2023-02-03,1077.15,1077.59,1081.89,1070.46,563830.0,VNINDEX,1
2023-02-06,1089.29,1077.15,1089.29,1067.24,527010.0,VNINDEX,1
2023-02-07,1065.84,1089.29,1092.12,1065.18,673210.0,VNINDEX,1
2023-02-08,1072.22,1065.84,1079.51,1063.5,569320.0,VNINDEX,1
2023-02-09,1064.03,1072.22,1075.2,1064.03,473850.0,VNINDEX,1
2023-02-10,1055.3,1064.03,1066.28,1054.08,463940.0,VNINDEX,1
2023-02-13,1043.7,1055.3,1055.3,1031.7,681320.0,VNINDEX,1
2023-02-14,1038.64,1043.7,1046.64,1032.76,395730.0,VNINDEX,1
2023-02-15,1048.2,1038.64,1051.89,1034.39,585760.0,VNINDEX,1
2023-02-16,1058.29,1048.2,1058.29,1047.45,475800.0,VNINDEX,1
2023-02-17,1059.31,1058.29,1062.25,1053.26,465080.0,VNINDEX,1
2023-02-20,1086.69,1059.74,1088.01,1059.56,682290.0,VNINDEX,1
2023-02-21,1082.23,1086.69,1095.1,1081.8,720350.0,VNINDEX,1
2023-02-22,1054.28,1082.23,1082.23,1054.28,814010.0,VNINDEX,1
2023-02-23,1053.66,1054.28,1054.48,1030.58,720750.0,VNINDEX,1
2023-02-24,1039.56,1053.66,1053.66,1034.66,430410.0,VNINDEX,1
2023-02-27,1021.25,1039.56,1039.56,1017.55,588610.0,VNINDEX,1
2023-02-28,1024.68,1021.25,1034.36,1018.72,432960.0,VNINDEX,1
2023-03-01,1040.55,1024.68,1040.55,1013.37,523620.0,VNINDEX,1
2023-03-02,1037.61,1039.0,1043.8,1033.07,373160.0,VNINDEX,1
2023-03-03,1024.77,1038.1,1041.82,1022.78,447720.0,VNINDEX,1
2023-03-06,1027.18,1024.77,1042.43,1024.77,421900.0,VNINDEX,1
2023-03-07,1037.84,1027.18,1043.92,1027.18,473170.0,VNINDEX,1
2023-03-08,1049.18,1037.84,1049.18,1027.8,510280.0,VNINDEX,1
2023-03-09,1055.95,1049.18,1060.56,1049.18,609040.0,VNINDEX,1
2023-03-10,1053.0,1055.95,1055.95,1046.31,508590.0,VNINDEX,1
2023-03-13,1052.8,1053.0,1055.58,1045.46,625070.0,VNINDEX,1
2023-03-14,1040.13,1052.8,1052.8,1034.72,621190.0,VNINDEX,1
2023-03-15,1062.19,1040.13,1062.55,1040.13,622860.0,VNINDEX,1
2023-03-16,1047.4,1062.19,1062.19,1043.65,532930.0,VNINDEX,1
2023-03-17,1045.14,1047.4,1055.42,1043.54,564930.0,VNINDEX,1
2023-03-20,1023.1,1045.14,1045.14,1022.71,567360.0,VNINDEX,1
2023-03-21,1032.43,1023.1,1036.15,1017.05,474890.0,VNINDEX,1
2023-03-22,1040.54,1032.43,1042.84,1032.43,458780.0,VNINDEX,1
2023-03-23,1045.1,1040.54,1045.1,1030.93,431450.0,VNINDEX,1
2023-03-24,1046.79,1045.1,1052.29,1044.02,579740.0,VNINDEX,1
2023-03-27,1052.25,1047.78,1053.78,1041.99,556950.0,VNINDEX,1
2023-03-28,1054.29,1052.25,1059.83,1051.75,648100.0,VNINDEX,1
2023-03-29,1056.33,1054.29,1056.33,1048.26,460960.0,VNINDEX,1
2023-03-30,1059.44,1056.33,1066.23,1056.33,633980.0,VNINDEX,1
2023-03-31,1064.64,1059.44,1067.55,1059.44,639930.0,VNINDEX,1
2023-04-03,1079.28,1064.64,1079.28,1064.64,821310.0,VNINDEX,1
2023-04-04,1078.45,1079.28,1082.21,1075.1,803890.0,VNINDEX,1
2023-04-05,1080.86,1078.45,1080.86,1074.1,793750.0,VNINDEX,1
2023-04-06,1070.91,1080.86,1084.52,1070.91,998760.0,VNINDEX,1
2023-04-07,1069.71,1070.91,1072.94,1063.7,646000.0,VNINDEX,1
2023-04-10,1065.35,1073.86,1075.54,1063.45,857460.0,VNINDEX,1
2023-04-11,1069.46,1065.35,1070.56,1056.9,697780.0,VNINDEX,1
2023-04-12,1069.45,1071.61,1072.7,1066.43,726160.0,VNINDEX,1
2023-04-13,1064.3,1069.45,1070.96,1062.26,673040.0,VNINDEX,1
2023-04-14,1052.89,1064.3,1068.79,1052.89,786530.0,VNINDEX,1
2023-04-17,1053.81,1052.89,1054.72,1049.11,453790.0,VNINDEX,1
2023-04-18,1055.02,1053.81,1057.15,1050.89,539760.0,VNINDEX,1
2023-04-19,1048.98,1055.02,1058.14,1047.47,569680.0,VNINDEX,1
2023-04-20,1049.25,1048.98,1051.86,1045.85,373750.0,VNINDEX,1
2023-04-21,1042.91,1049.25,1050.4,1041.26,553030.0,VNINDEX,1
2023-04-24,1041.36,1042.91,1047.18,1038.36,556990.0,VNINDEX,1
2023-04-25,1034.85,1045.87,1045.87,1032.49,539590.0,VNINDEX,1
2023-04-26,1040.8,1034.85,1040.8,1029.19,576780.0,VNINDEX,1
2023-04-27,1039.63,1040.8,1044.25,1037.62,511730.0,VNINDEX,1
2023-04-28,1049.12,1043.17,1049.12,1042.04,613140.0,VNINDEX,1
2023-05-04,1040.61,1049.12,1049.12,1038.18,625810.0,VNINDEX,2
2023-05-05,1040.31,1040.61,1043.22,1036.69,547780.0,VNINDEX,2
2023-05-08,1053.44,1040.31,1053.44,1040.31,655530.0,VNINDEX,2
2023-05-09,1053.77,1055.42,1058.71,1052.68,564400.0,VNINDEX,2
2023-05-10,1058.26,1055.62,1058.67,1053.34,717420.0,VNINDEX,2
2023-05-11,1057.12,1058.26,1063.69,1056.72,708310.0,VNINDEX,2
2023-05-12,1066.9,1057.12,1066.9,1053.97,725830.0,VNINDEX,2
2023-05-15,1065.71,1066.9,1076.32,1065.71,834500.0,VNINDEX,2
2023-05-16,1065.91,1065.71,1069.27,1063.65,681380.0,VNINDEX,2
2023-05-17,1060.44,1065.91,1069.95,1060.44,836830.0,VNINDEX,2
2023-05-18,1068.31,1060.44,1073.41,1060.44,649540.0,VNINDEX,2
2023-05-19,1067.07,1068.31,1070.15,1058.56,755490.0,VNINDEX,2
2023-05-22,1070.64,1067.07,1070.64,1065.88,711110.0,VNINDEX,2
2023-05-23,1065.85,1073.12,1073.96,1062.15,721990.0,VNINDEX,2
2023-05-24,1061.79,1065.85,1069.61,1060.6,794100.0,VNINDEX,2
2023-05-25,1064.63,1061.79,1065.5,1057.91,669530.0,VNINDEX,2
2023-05-26,1063.76,1064.63,1067.28,1063.76,640720.0,VNINDEX,2
2023-05-29,1074.98,1063.76,1077.18,1063.76,844880.0,VNINDEX,2
2023-05-30,1078.05,1074.98,1079.31,1071.01,922940.0,VNINDEX,2
2023-05-31,1075.17,1078.05,1079.11,1071.38,924360.0,VNINDEX,2
2023-06-01,1078.39,1075.17,1078.39,1071.61,856810.0,VNINDEX,2
2023-06-02,1090.84,1084.19,1092.24,1083.36,1040000.0,VNINDEX,2
2023-06-05,1097.82,1090.84,1103.81,1090.84,948360.0,VNINDEX,2
2023-06-06,1108.31,1097.82,1108.31,1097.82,842760.0,VNINDEX,2
2023-06-07,1109.54,1108.31,1112.28,1104.26,1000000.0,VNINDEX,2
2023-06-08,1101.32,1109.54,1115.14,1101.32,1320000.0,VNINDEX,2
2023-06-09,1107.53,1101.32,1107.53,1097.23,902210.0,VNINDEX,2
2023-06-12,1116.02,1110.26,1116.02,1100.08,797980.0,VNINDEX,2
2023-06-13,1122.46,1116.02,1122.46,1116.02,943540.0,VNINDEX,2
2023-06-14,1117.42,1122.46,1129.49,1117.42,928600.0,VNINDEX,2
2023-06-15,1116.97,1117.42,1120.13,1112.11,716880.0,VNINDEX,2
2023-06-16,1115.22,1116.97,1128.92,1112.51,1170000.0,VNINDEX,2
2023-06-19,1105.4,1115.22,1117.23,1104.73,811310.0,VNINDEX,2
2023-06-20,1111.72,1105.4,1111.72,1102.58,695590.0,VNINDEX,2
2023-06-21,1118.46,1112.73,1118.46,1110.65,875890.0,VNINDEX,2
2023-06-22,1125.3,1118.46,1127.54,1118.46,919320.0,VNINDEX,2
2023-06-23,1129.38,1125.3,1130.61,1122.62,906630.0,VNINDEX,2
2023-06-26,1132.03,1129.38,1134.0,1119.95,1040000.0,VNINDEX,2
2023-06-27,1134.33,1132.03,1136.49,1128.82,722000.0,VNINDEX,2
2023-06-28,1138.35,1134.33,1140.56,1131.86,892140.0,VNINDEX,2
2023-06-29,1125.39,1139.42,1140.43,1125.39,906890.0,VNINDEX,2
2023-06-30,1120.18,1125.39,1126.33,1120.01,617530.0,VNINDEX,2
2023-07-03,1125.5,1120.18,1128.35,1120.18,558380.0,VNINDEX,2
2023-07-04,1132.0,1125.5,1132.12,1123.49,701310.0,VNINDEX,2
2023-07-05,1134.62,1132.0,1138.67,1132.0,807030.0,VNINDEX,2
2023-07-06,1126.22,1134.62,1135.81,1122.35,921110.0,VNINDEX,2
2023-07-07,1138.07,1126.22,1138.07,1122.94,798400.0,VNINDEX,2
2023-07-10,1149.02,1138.07,1149.02,1138.07,879430.0,VNINDEX,2
2023-07-11,1151.77,1149.02,1157.01,1149.02,936910.0,VNINDEX,2
2023-07-12,1154.2,1151.77,1157.43,1149.28,788160.0,VNINDEX,2
2023-07-13,1165.42,1154.2,1165.42,1154.2,806740.0,VNINDEX,2
2023-07-14,1168.4,1165.42,1169.84,1156.28,1040000.0,VNINDEX,2
2023-07-17,1173.13,1171.75,1174.89,1168.77,914620.0,VNINDEX,2
2023-07-18,1174.09,1173.13,1175.7,1170.04,837140.0,VNINDEX,2
2023-07-19,1172.98,1174.09,1178.55,1172.98,896650.0,VNINDEX,2
2023-07-20,1172.81,1172.98,1174.39,1166.62,796610.0,VNINDEX,2
2023-07-21,1185.9,1172.81,1185.9,1172.07,988090.0,VNINDEX,2
2023-07-24,1190.72,1185.9,1193.22,1183.39,1040000.0,VNINDEX,2
2023-07-25,1195.9,1190.72,1199.27,1190.72,1000000.0,VNINDEX,2
2023-07-26,1200.84,1195.9,1200.84,1195.44,912300.0,VNINDEX,2
2023-07-27,1197.33,1200.84,1203.69,1191.08,1160000.0,VNINDEX,2
2023-07-28,1207.67,1197.33,1207.67,1195.86,1110000.0,VNINDEX,2
2023-07-31,1222.9,1207.67,1224.81,1207.67,1200000.0,VNINDEX,2
2023-08-01,1217.56,1222.9,1234.5,1217.56,1280000.0,VNINDEX,2
2023-08-02,1220.43,1217.56,1223.04,1213.18,940810.0,VNINDEX,2
2023-08-03,1210.95,1219.73,1222.35,1209.06,1030000.0,VNINDEX,2
2023-08-04,1225.98,1210.95,1228.12,1210.95,1130000.0,VNINDEX,2
2023-08-07,1241.42,1233.1,1241.42,1230.38,1300000.0,VNINDEX,1
2023-08-08,1242.23,1241.42,1246.22,1239.01,1190000.0,VNINDEX,1
2023-08-09,1233.99,1242.23,1242.23,1231.28,1090000.0,VNINDEX,0
2023-08-10,1220.61,1233.99,1238.19,1220.61,1010000.0,VNINDEX,0
2023-08-11,1232.21,1220.61,1232.21,1213.37,1010000.0,VNINDEX,0
2023-08-14,1236.84,1232.21,1239.61,1229.04,1110000.0,VNINDEX,0
2023-08-15,1234.05,1236.84,1239.42,1230.58,912030.0,VNINDEX,0
2023-08-16,1243.26,1234.05,1243.48,1234.05,930670.0,VNINDEX,0
2023-08-17,1233.48,1242.58,1243.98,1233.48,1110000.0,VNINDEX,0
2023-08-18,1177.99,1233.48,1233.48,1177.74,1700000.0,VNINDEX,0
2023-08-21,1179.76,1177.99,1188.16,1164.63,1080000.0,VNINDEX,0
2023-08-22,1180.49,1179.76,1184.43,1149.13,1060000.0,VNINDEX,0
2023-08-23,1172.56,1180.49,1193.79,1168.89,747180.0,VNINDEX,1
2023-08-24,1189.39,1172.56,1189.99,1171.33,851540.0,VNINDEX,2
2023-08-25,1183.37,1189.39,1192.59,1181.6,893340.0,VNINDEX,2
2023-08-28,1201.72,1183.37,1202.02,1183.37,882850.0,VNINDEX,2
2023-08-29,1204.43,1201.72,1208.78,1197.57,990940.0,VNINDEX,2
2023-08-30,1213.16,1206.1,1213.52,1203.51,911990.0,VNINDEX,2
2023-08-31,1224.05,1213.16,1224.84,1213.16,945480.0,VNINDEX,2
2023-09-05,1234.98,1224.05,1236.21,1224.05,1090000.0,VNINDEX,2
2023-09-06,1245.5,1234.98,1245.5,1229.89,1130000.0,VNINDEX,2
2023-09-07,1243.14,1245.5,1255.11,1240.82,1130000.0,VNINDEX,2
2023-09-08,1241.48,1243.14,1248.1,1240.15,1100000.0,VNINDEX,2
2023-09-11,1223.63,1241.48,1251.37,1223.33,1390000.0,VNINDEX,2
2023-09-12,1245.44,1223.63,1245.44,1220.85,967870.0,VNINDEX,2
2023-09-13,1238.39,1245.44,1250.61,1232.84,1260000.0,VNINDEX,1
2023-09-14,1223.81,1238.39,1244.21,1223.03,1230000.0,VNINDEX,0
2023-09-15,1227.36,1223.81,1233.87,1220.27,917360.0,VNINDEX,0
2023-09-18,1211.81,1227.36,1227.36,1203.88,845000.0,VNINDEX,0
2023-09-19,1211.5,1211.81,1219.57,1199.85,1000000.0,VNINDEX,0
2023-09-20,1226.11,1211.5,1226.11,1209.46,878030.0,VNINDEX,0
2023-09-21,1212.74,1226.11,1227.88,1211.65,963680.0,VNINDEX,0
2023-09-22,1193.05,1212.74,1212.74,1174.57,1390000.0,VNINDEX,0
2023-09-25,1153.2,1193.05,1195.62,1153.2,1090000.0,VNINDEX,0
2023-09-26,1137.96,1153.2,1163.52,1137.96,1050000.0,VNINDEX,0
2023-09-27,1153.85,1137.96,1153.85,1126.36,860420.0,VNINDEX,0
2023-09-28,1152.43,1153.85,1155.39,1136.99,691110.0,VNINDEX,0
2023-09-29,1154.15,1152.43,1163.88,1152.43,574810.0,VNINDEX,0
2023-10-02,1155.25,1154.15,1161.48,1149.63,518240.0,VNINDEX,0
2023-10-03,1118.1,1155.25,1155.25,1117.28,991880.0,VNINDEX,0
2023-10-04,1128.67,1118.1,1133.79,1106.4,682490.0,VNINDEX,0
2023-10-05,1113.89,1128.67,1133.12,1113.89,609010.0,VNINDEX,0
2023-10-06,1128.54,1113.89,1129.13,1107.4,621620.0,VNINDEX,0
2023-10-09,1137.36,1128.54,1137.36,1127.03,602620.0,VNINDEX,0
2023-10-10,1143.69,1137.36,1150.34,1137.36,671760.0,VNINDEX,0
2023-10-11,1150.81,1143.69,1150.81,1138.22,543050.0,VNINDEX,0
2023-10-12,1151.61,1150.81,1156.73,1148.11,647180.0,VNINDEX,0
2023-10-13,1154.73,1151.61,1155.1,1138.99,621420.0,VNINDEX,0
2023-10-16,1141.42,1154.73,1157.46,1140.64,676190.0,VNINDEX,0
2023-10-17,1121.65,1145.34,1147.89,1121.65,610500.0,VNINDEX,0
2023-10-18,1103.4,1121.65,1125.27,1088.87,1040000.0,VNINDEX,0
2023-10-19,1087.85,1103.4,1104.03,1087.85,649230.0,VNINDEX,0
2023-10-20,1108.03,1087.85,1108.16,1073.73,658190.0,VNINDEX,0
2023-10-23,1093.53,1108.03,1108.03,1086.54,563100.0,VNINDEX,0
2023-10-24,1105.9,1093.53,1107.3,1088.17,509040.0,VNINDEX,0
2023-10-25,1101.66,1105.9,1111.39,1100.64,539260.0,VNINDEX,0
2023-10-26,1055.45,1101.66,1101.66,1049.71,1180000.0,VNINDEX,0
2023-10-27,1060.62,1055.45,1061.87,1037.46,692230.0,VNINDEX,0
2023-10-30,1042.4,1054.03,1060.39,1042.4,533360.0,VNINDEX,0
2023-10-31,1028.19,1042.4,1046.17,1025.03,755540.0,VNINDEX,0
2023-11-01,1039.66,1028.19,1039.66,1020.01,679890.0,VNINDEX,1
2023-11-02,1075.47,1039.66,1075.47,1039.66,772120.0,VNINDEX,1
2023-11-03,1076.78,1075.47,1082.23,1071.11,756480.0,VNINDEX,1
2023-11-06,1089.66,1076.78,1089.66,1076.78,692790.0,VNINDEX,1
2023-11-07,1080.29,1089.66,1089.89,1079.42,634510.0,VNINDEX,1
2023-11-08,1113.43,1080.29,1113.43,1075.8,952580.0,VNINDEX,1
2023-11-09,1113.89,1113.43,1124.78,1112.13,1050000.0,VNINDEX,1
2023-11-10,1101.68,1113.89,1116.02,1101.23,1030000.0,VNINDEX,1
2023-11-13,1100.07,1103.66,1107.91,1093.19,789440.0,VNINDEX,1
2023-11-14,1109.73,1100.07,1115.6,1100.07,822200.0,VNINDEX,1
2023-11-15,1122.5,1109.73,1132.75,1109.73,937960.0,VNINDEX,1
2023-11-16,1125.53,1122.5,1125.53,1114.97,687400.0,VNINDEX,1
2023-11-17,1101.19,1125.53,1129.84,1096.16,1260000.0,VNINDEX,1
2023-11-20,1103.66,1101.19,1111.26,1085.32,841470.0,VNINDEX,1
2023-11-21,1110.46,1103.66,1112.77,1103.66,712610.0,VNINDEX,1
2023-11-22,1113.82,1110.46,1115.47,1103.26,946280.0,VNINDEX,1
2023-11-23,1088.49,1113.82,1118.54,1088.49,1030000.0,VNINDEX,1
2023-11-24,1095.61,1088.49,1095.61,1073.31,958340.0,VNINDEX,1
2023-11-27,1088.06,1095.61,1096.84,1085.69,595020.0,VNINDEX,1
2023-11-28,1095.43,1088.06,1095.43,1076.45,681890.0,VNINDEX,1
2023-11-29,1102.8,1095.43,1105.28,1095.43,614960.0,VNINDEX,1
2023-11-30,1094.13,1101.75,1107.45,1094.13,723480.0,VNINDEX,1
2023-12-01,1102.16,1094.13,1102.2,1090.08,603590.0,VNINDEX,1
2023-12-04,1120.49,1102.16,1123.96,1102.16,1120000.0,VNINDEX,1
2023-12-05,1115.97,1120.49,1124.11,1113.55,824660.0,VNINDEX,1
2023-12-06,1126.43,1115.97,1126.43,1115.97,853960.0,VNINDEX,1
2023-12-07,1121.49,1126.43,1129.83,1109.51,1330000.0,VNINDEX,1
2023-12-08,1124.44,1121.49,1127.46,1119.43,819100.0,VNINDEX,1
2023-12-11,1125.5,1124.44,1129.15,1120.32,700590.0,VNINDEX,1
2023-12-12,1127.63,1125.5,1129.77,1123.35,645620.0,VNINDEX,1
2023-12-13,1114.2,1127.63,1131.21,1112.08,844040.0,VNINDEX,1
2023-12-14,1110.13,1114.2,1120.36,1107.86,681020.0,VNINDEX,1
2023-12-15,1102.3,1110.13,1112.79,1102.3,749830.0,VNINDEX,1
2023-12-18,1091.88,1102.3,1103.74,1091.45,713160.0,VNINDEX,1
2023-12-19,1096.3,1091.88,1096.3,1082.29,649910.0,VNINDEX,1
2023-12-20,1100.76,1096.3,1102.27,1093.38,598210.0,VNINDEX,1
2023-12-21,1102.43,1100.76,1102.43,1094.47,521000.0,VNINDEX,1
2023-12-22,1103.06,1102.43,1104.65,1099.32,558030.0,VNINDEX,1
2023-12-25,1117.66,1103.06,1118.31,1103.06,658540.0,VNINDEX,1
2023-12-26,1122.25,1117.66,1123.11,1117.66,644740.0,VNINDEX,1
2023-12-27,1121.99,1122.25,1126.47,1121.99,776800.0,VNINDEX,1
2023-12-28,1128.93,1121.99,1130.58,1120.5,716930.0,VNINDEX,1
2023-12-29,1129.93,1128.93,1135.05,1128.93,710850.0,VNINDEX,1
2024-01-02,1131.72,1129.93,1139.71,1128.69,842260.0,VNINDEX,1
2024-01-03,1144.17,1131.72,1144.17,1128.32,719930.0,VNINDEX,1
2024-01-04,1150.72,1145.49,1160.08,1144.32,1180000.0,VNINDEX,1
2024-01-05,1154.68,1150.72,1155.84,1149.08,803270.0,VNINDEX,1
2024-01-08,1160.19,1154.68,1162.56,1154.68,905410.0,VNINDEX,1
2024-01-09,1158.59,1160.19,1162.83,1155.46,870510.0,VNINDEX,1
2024-01-10,1161.54,1158.59,1166.1,1155.94,992760.0,VNINDEX,1
2024-01-11,1162.22,1161.54,1169.1,1157.43,860490.0,VNINDEX,1
2024-01-12,1154.7,1162.22,1162.22,1146.75,1090000.0,VNINDEX,1
2024-01-15,1154.12,1154.7,1163.75,1154.12,617150.0,VNINDEX,1
2024-01-16,1163.12,1154.12,1163.12,1147.71,611400.0,VNINDEX,1
2024-01-17,1162.53,1161.95,1168.46,1160.45,769800.0,VNINDEX,1
2024-01-18,1169.06,1162.53,1169.73,1162.53,596220.0,VNINDEX,1
2024-01-19,1181.5,1171.5,1181.5,1171.47,662890.0,VNINDEX,1
2024-01-22,1182.86,1181.5,1186.96,1175.54,889760.0,VNINDEX,1
2024-01-23,1177.5,1182.86,1184.74,1173.78,683710.0,VNINDEX,1
2024-01-24,1172.97,1177.5,1180.3,1172.0,733190.0,VNINDEX,1
